"Size","Type"
432904,"Parallel"
329546,"Sequential"
322464,"Built-in"
423281,"Sequential"
877769,"Sequential"
169174,"Sequential"
34633,"Parallel"
194211,"Built-in"
309633,"Sequential"
258850,"Sequential"
543112,"Built-in"
823573,"Built-in"
772583,"Sequential"
367524,"Sequential"
19427,"Built-in"
886390,"Built-in"
155140,"Built-in"
603880,"Built-in"
653378,"Built-in"
158375,"Parallel"
682431,"Parallel"
796723,"Built-in"
938007,"Parallel"
38622,"Built-in"
632856,"Parallel"
293608,"Parallel"
218507,"Parallel"
218507,"Built-in"
45788,"Parallel"
663305,"Sequential"
166754,"Parallel"
25431,"Built-in"
743738,"Built-in"
921415,"Built-in"
811400,"Parallel"
37539,"Parallel"
333368,"Built-in"
311111,"Parallel"
543112,"Parallel"
585844,"Built-in"
209037,"Parallel"
278272,"Built-in"
528273,"Sequential"
970279,"Built-in"
287502,"Parallel"
158040,"Built-in"
420726,"Built-in"
985189,"Sequential"
243390,"Sequential"
360560,"Parallel"
752584,"Parallel"
709510,"Sequential"
628607,"Sequential"
614069,"Sequential"
783222,"Built-in"
993245,"Built-in"
995956,"Parallel"
238404,"Built-in"
772583,"Built-in"
56579,"Built-in"
95062,"Built-in"
297646,"Sequential"
665078,"Sequential"
609529,"Sequential"
997154,"Built-in"
391234,"Built-in"
103805,"Sequential"
674452,"Sequential"
958366,"Parallel"
754533,"Built-in"
87999,"Built-in"
425100,"Sequential"
71312,"Built-in"
937516,"Sequential"
821844,"Built-in"
968528,"Sequential"
614069,"Parallel"
283015,"Sequential"
51488,"Parallel"
808352,"Sequential"
58193,"Sequential"
152278,"Sequential"
26247,"Parallel"
451626,"Sequential"
626960,"Parallel"
208052,"Built-in"
36942,"Parallel"
390928,"Parallel"
408503,"Sequential"
783222,"Sequential"
231877,"Built-in"
598600,"Parallel"
524601,"Parallel"
985998,"Parallel"
353797,"Built-in"
348994,"Parallel"
363932,"Parallel"
985189,"Built-in"
731125,"Built-in"
734058,"Sequential"
755699,"Parallel"
878734,"Parallel"
955609,"Parallel"
804726,"Built-in"
1168,"Built-in"
455729,"Sequential"
858666,"Sequential"
103805,"Built-in"
725128,"Built-in"
279321,"Built-in"
695651,"Built-in"
798497,"Parallel"
342430,"Built-in"
569935,"Sequential"
855481,"Parallel"
848651,"Built-in"
585844,"Parallel"
372334,"Parallel"
966802,"Sequential"
575134,"Sequential"
608197,"Built-in"
309633,"Built-in"
941841,"Sequential"
674452,"Parallel"
191372,"Parallel"
687153,"Built-in"
633083,"Parallel"
475538,"Parallel"
433832,"Parallel"
734058,"Parallel"
298759,"Sequential"
484973,"Built-in"
901439,"Parallel"
595388,"Built-in"
907195,"Built-in"
79507,"Built-in"
89129,"Parallel"
929246,"Parallel"
503253,"Parallel"
864169,"Sequential"
205001,"Sequential"
817104,"Sequential"
28194,"Sequential"
658084,"Parallel"
308796,"Built-in"
655462,"Sequential"
772583,"Parallel"
725128,"Parallel"
422853,"Parallel"
281858,"Built-in"
780379,"Built-in"
533906,"Parallel"
203102,"Parallel"
968528,"Built-in"
980599,"Sequential"
448534,"Sequential"
723336,"Sequential"
781621,"Parallel"
284248,"Built-in"
685594,"Built-in"
41485,"Built-in"
665078,"Built-in"
354710,"Built-in"
443326,"Built-in"
351014,"Built-in"
260036,"Sequential"
46562,"Built-in"
87999,"Parallel"
417346,"Sequential"
979210,"Parallel"
234232,"Sequential"
872977,"Parallel"
973532,"Parallel"
879064,"Sequential"
481059,"Parallel"
272103,"Built-in"
315336,"Parallel"
652763,"Built-in"
818469,"Parallel"
616546,"Sequential"
302332,"Built-in"
635058,"Parallel"
51488,"Sequential"
86246,"Built-in"
468255,"Built-in"
704545,"Parallel"
721354,"Built-in"
180625,"Sequential"
530992,"Sequential"
842231,"Built-in"
352463,"Parallel"
770080,"Built-in"
624151,"Parallel"
767975,"Built-in"
16395,"Built-in"
397247,"Parallel"
540642,"Parallel"
646104,"Parallel"
761513,"Sequential"
143621,"Built-in"
44387,"Built-in"
77850,"Parallel"
838424,"Built-in"
386736,"Built-in"
936288,"Sequential"
757231,"Built-in"
562270,"Built-in"
61635,"Sequential"
503253,"Built-in"
494924,"Parallel"
505433,"Built-in"
22095,"Sequential"
491272,"Parallel"
105489,"Parallel"
225643,"Built-in"
944264,"Built-in"
206797,"Built-in"
111041,"Parallel"
697756,"Built-in"
303466,"Built-in"
487454,"Built-in"
558443,"Built-in"
702232,"Built-in"
665991,"Built-in"
351623,"Built-in"
985189,"Parallel"
390928,"Sequential"
876219,"Parallel"
153269,"Sequential"
908967,"Parallel"
478362,"Sequential"
105489,"Sequential"
143621,"Parallel"
166754,"Built-in"
883095,"Sequential"
553242,"Parallel"
260873,"Built-in"
1168,"Parallel"
833437,"Sequential"
363932,"Built-in"
955609,"Built-in"
798497,"Sequential"
782412,"Built-in"
112655,"Sequential"
875247,"Built-in"
775445,"Parallel"
664414,"Parallel"
527296,"Parallel"
284248,"Sequential"
847677,"Parallel"
102488,"Parallel"
160167,"Sequential"
728646,"Sequential"
165346,"Sequential"
571648,"Sequential"
483956,"Parallel"
693045,"Parallel"
305847,"Sequential"
520054,"Built-in"
536458,"Sequential"
956457,"Parallel"
539694,"Sequential"
552770,"Sequential"
528273,"Built-in"
292257,"Parallel"
253602,"Sequential"
924387,"Built-in"
688813,"Built-in"
777023,"Built-in"
903333,"Sequential"
27811,"Parallel"
300455,"Built-in"
205001,"Parallel"
262105,"Sequential"
18910,"Parallel"
924387,"Parallel"
327219,"Parallel"
87999,"Sequential"
283887,"Sequential"
77850,"Sequential"
278272,"Sequential"
384126,"Parallel"
458112,"Built-in"
857076,"Sequential"
255084,"Sequential"
252021,"Sequential"
156480,"Built-in"
702988,"Built-in"
779053,"Sequential"
283887,"Built-in"
356503,"Parallel"
771151,"Sequential"
922698,"Sequential"
366557,"Parallel"
756707,"Parallel"
195942,"Sequential"
297646,"Built-in"
642597,"Sequential"
544483,"Sequential"
230057,"Parallel"
398882,"Parallel"
682431,"Sequential"
800686,"Built-in"
257568,"Parallel"
393970,"Parallel"
303466,"Parallel"
268086,"Sequential"
101982,"Sequential"
405211,"Built-in"
269723,"Sequential"
551198,"Sequential"
679565,"Parallel"
989366,"Built-in"
326094,"Built-in"
190570,"Sequential"
944264,"Parallel"
652763,"Sequential"
324532,"Sequential"
987885,"Sequential"
899531,"Built-in"
119510,"Parallel"
667992,"Built-in"
209605,"Built-in"
518839,"Built-in"
394220,"Built-in"
236375,"Parallel"
556939,"Built-in"
450933,"Parallel"
173144,"Parallel"
145077,"Parallel"
439058,"Built-in"
953709,"Parallel"
122666,"Sequential"
221124,"Parallel"
754533,"Sequential"
488637,"Parallel"
491272,"Sequential"
355071,"Sequential"
659784,"Built-in"
583342,"Sequential"
52677,"Built-in"
653378,"Sequential"
802222,"Built-in"
474445,"Parallel"
175724,"Built-in"
234232,"Built-in"
464151,"Parallel"
47831,"Sequential"
346191,"Built-in"
592092,"Built-in"
948765,"Sequential"
896072,"Parallel"
524601,"Built-in"
935716,"Parallel"
296608,"Sequential"
335668,"Sequential"
833437,"Parallel"
200592,"Sequential"
130298,"Parallel"
714572,"Sequential"
269723,"Parallel"
854386,"Built-in"
27811,"Sequential"
512233,"Built-in"
841854,"Sequential"
584861,"Parallel"
239974,"Sequential"
361515,"Built-in"
609529,"Built-in"
524601,"Sequential"
396636,"Sequential"
888245,"Sequential"
111197,"Parallel"
57799,"Parallel"
431751,"Built-in"
991810,"Sequential"
565821,"Parallel"
753666,"Built-in"
923663,"Built-in"
326094,"Parallel"
430590,"Sequential"
915098,"Parallel"
667992,"Sequential"
246723,"Sequential"
369187,"Sequential"
561186,"Parallel"
501246,"Parallel"
932941,"Built-in"
694808,"Parallel"
657682,"Parallel"
338788,"Sequential"
330664,"Parallel"
805235,"Parallel"
567344,"Built-in"
906192,"Parallel"
252021,"Built-in"
319465,"Sequential"
463281,"Parallel"
672938,"Built-in"
511068,"Parallel"
254273,"Parallel"
155140,"Sequential"
467527,"Sequential"
902019,"Built-in"
842231,"Parallel"
447571,"Parallel"
798983,"Built-in"
800686,"Sequential"
840,"Built-in"
987991,"Built-in"
764729,"Built-in"
572991,"Parallel"
945103,"Parallel"
966802,"Built-in"
461850,"Built-in"
266800,"Sequential"
334140,"Sequential"
359305,"Parallel"
213823,"Sequential"
357060,"Sequential"
322464,"Parallel"
150284,"Sequential"
252137,"Parallel"
445184,"Built-in"
68558,"Parallel"
43732,"Sequential"
171438,"Built-in"
273810,"Parallel"
963816,"Built-in"
606045,"Sequential"
485450,"Built-in"
138502,"Parallel"
359305,"Built-in"
202247,"Sequential"
287502,"Built-in"
655462,"Built-in"
980599,"Built-in"
437550,"Built-in"
736363,"Parallel"
396636,"Parallel"
323432,"Built-in"
338028,"Sequential"
489138,"Sequential"
717259,"Sequential"
369187,"Built-in"
883095,"Built-in"
625899,"Built-in"
198911,"Sequential"
375685,"Built-in"
160167,"Built-in"
999081,"Sequential"
43732,"Parallel"
131904,"Built-in"
675906,"Parallel"
193209,"Sequential"
765596,"Sequential"
642597,"Built-in"
898559,"Sequential"
196581,"Sequential"
343444,"Built-in"
896072,"Sequential"
792758,"Parallel"
522546,"Built-in"
857076,"Parallel"
316570,"Built-in"
519834,"Parallel"
419712,"Built-in"
822708,"Built-in"
75397,"Parallel"
261281,"Parallel"
781621,"Built-in"
611103,"Built-in"
737887,"Sequential"
187880,"Parallel"
876219,"Built-in"
890595,"Sequential"
756707,"Built-in"
469264,"Sequential"
446401,"Parallel"
480274,"Sequential"
960679,"Sequential"
397247,"Sequential"
413801,"Sequential"
305847,"Built-in"
831834,"Sequential"
63375,"Sequential"
358964,"Built-in"
921415,"Parallel"
525063,"Built-in"
877769,"Parallel"
121056,"Parallel"
681179,"Built-in"
226267,"Sequential"
726417,"Built-in"
634070,"Built-in"
117752,"Parallel"
159888,"Built-in"
602629,"Sequential"
555686,"Built-in"
816837,"Built-in"
182370,"Built-in"
31152,"Parallel"
308796,"Parallel"
621180,"Built-in"
378451,"Parallel"
593381,"Built-in"
724290,"Built-in"
622084,"Parallel"
368193,"Parallel"
257568,"Built-in"
284248,"Parallel"
332120,"Sequential"
587578,"Parallel"
892606,"Sequential"
193209,"Built-in"
866332,"Built-in"
71312,"Parallel"
624151,"Sequential"
56579,"Parallel"
649336,"Sequential"
591747,"Parallel"
444315,"Built-in"
898559,"Parallel"
159888,"Parallel"
347672,"Sequential"
46562,"Sequential"
786980,"Sequential"
654889,"Built-in"
915098,"Built-in"
611103,"Parallel"
65642,"Parallel"
639841,"Parallel"
942000,"Sequential"
201939,"Sequential"
436576,"Built-in"
36942,"Sequential"
455729,"Built-in"
171065,"Parallel"
595388,"Sequential"
930192,"Parallel"
720735,"Parallel"
182370,"Sequential"
790533,"Parallel"
35406,"Parallel"
122666,"Parallel"
257006,"Parallel"
640476,"Sequential"
570192,"Built-in"
277617,"Parallel"
735253,"Built-in"
801766,"Built-in"
306888,"Sequential"
588261,"Parallel"
63375,"Built-in"
257006,"Sequential"
826157,"Sequential"
559662,"Built-in"
744384,"Parallel"
795066,"Sequential"
771151,"Parallel"
846479,"Built-in"
504918,"Built-in"
447571,"Built-in"
137207,"Parallel"
243390,"Built-in"
964195,"Built-in"
827581,"Sequential"
931523,"Built-in"
546576,"Sequential"
659784,"Sequential"
469264,"Built-in"
498818,"Built-in"
67990,"Sequential"
838424,"Sequential"
247460,"Parallel"
90892,"Built-in"
882798,"Built-in"
390928,"Built-in"
841854,"Parallel"
968528,"Parallel"
416827,"Parallel"
86062,"Parallel"
971309,"Sequential"
982271,"Sequential"
310547,"Parallel"
581375,"Built-in"
572836,"Built-in"
584861,"Sequential"
142172,"Sequential"
580618,"Parallel"
48492,"Parallel"
485450,"Sequential"
565821,"Sequential"
767073,"Built-in"
673886,"Sequential"
851470,"Sequential"
265968,"Parallel"
506593,"Built-in"
441387,"Sequential"
396636,"Built-in"
508865,"Built-in"
351014,"Parallel"
352463,"Sequential"
812239,"Built-in"
748806,"Built-in"
745947,"Sequential"
389726,"Built-in"
510047,"Sequential"
18910,"Built-in"
151273,"Sequential"
248816,"Sequential"
429819,"Parallel"
995254,"Sequential"
745947,"Parallel"
865253,"Sequential"
969238,"Sequential"
467527,"Built-in"
746189,"Parallel"
397247,"Built-in"
399674,"Sequential"
458112,"Parallel"
453284,"Built-in"
321635,"Parallel"
741105,"Built-in"
702232,"Sequential"
509816,"Built-in"
630969,"Sequential"
176397,"Sequential"
581375,"Sequential"
549485,"Parallel"
828177,"Sequential"
241662,"Built-in"
209037,"Built-in"
803715,"Parallel"
710487,"Sequential"
2725,"Sequential"
762688,"Sequential"
706905,"Parallel"
100550,"Built-in"
304399,"Parallel"
32229,"Built-in"
82041,"Parallel"
576685,"Parallel"
685594,"Sequential"
236375,"Built-in"
376232,"Sequential"
459560,"Parallel"
296608,"Built-in"
2725,"Parallel"
336144,"Built-in"
780379,"Sequential"
244957,"Sequential"
124692,"Parallel"
661764,"Sequential"
711510,"Parallel"
379155,"Sequential"
840,"Parallel"
449238,"Built-in"
900873,"Parallel"
32229,"Parallel"
520054,"Parallel"
522546,"Parallel"
357060,"Parallel"
718034,"Built-in"
588261,"Built-in"
732669,"Parallel"
555686,"Sequential"
351623,"Sequential"
249244,"Sequential"
557865,"Parallel"
197477,"Sequential"
321635,"Built-in"
407192,"Sequential"
80999,"Built-in"
525063,"Sequential"
195942,"Parallel"
12925,"Sequential"
168284,"Built-in"
156480,"Sequential"
978578,"Parallel"
515898,"Sequential"
150284,"Parallel"
551198,"Built-in"
330664,"Sequential"
999081,"Built-in"
545352,"Parallel"
632856,"Built-in"
443326,"Sequential"
240997,"Built-in"
244957,"Parallel"
401296,"Built-in"
10908,"Built-in"
285843,"Sequential"
440486,"Sequential"
302332,"Sequential"
206797,"Sequential"
713350,"Built-in"
840496,"Sequential"
665991,"Parallel"
807085,"Built-in"
621180,"Parallel"
82394,"Built-in"
462999,"Parallel"
465182,"Built-in"
974248,"Sequential"
607533,"Parallel"
96301,"Built-in"
595388,"Parallel"
497410,"Built-in"
550974,"Built-in"
625899,"Parallel"
362506,"Parallel"
347672,"Built-in"
252137,"Sequential"
558443,"Parallel"
993245,"Parallel"
887272,"Built-in"
407192,"Parallel"
634070,"Sequential"
486784,"Built-in"
821844,"Parallel"
288382,"Parallel"
66215,"Sequential"
559662,"Parallel"
421724,"Built-in"
482529,"Sequential"
250527,"Sequential"
139936,"Built-in"
313275,"Built-in"
707416,"Parallel"
641016,"Sequential"
215452,"Sequential"
310547,"Sequential"
515898,"Built-in"
533906,"Sequential"
917907,"Sequential"
827581,"Built-in"
121116,"Sequential"
809044,"Sequential"
809044,"Built-in"
746189,"Sequential"
209037,"Sequential"
366557,"Sequential"
181505,"Parallel"
633083,"Sequential"
420726,"Sequential"
751745,"Parallel"
115742,"Sequential"
971309,"Built-in"
920135,"Built-in"
448534,"Parallel"
755699,"Built-in"
928424,"Built-in"
987885,"Parallel"
797315,"Sequential"
489138,"Parallel"
774030,"Built-in"
499154,"Built-in"
230057,"Built-in"
735253,"Parallel"
932484,"Sequential"
702988,"Sequential"
13152,"Built-in"
349174,"Sequential"
247460,"Sequential"
926963,"Parallel"
932484,"Built-in"
233283,"Sequential"
133319,"Built-in"
886390,"Parallel"
86246,"Parallel"
354710,"Parallel"
121056,"Built-in"
983446,"Parallel"
103805,"Parallel"
124048,"Sequential"
872245,"Parallel"
286469,"Built-in"
276724,"Built-in"
852318,"Built-in"
481059,"Built-in"
617921,"Built-in"
843958,"Built-in"
2725,"Built-in"
289864,"Sequential"
843177,"Sequential"
527296,"Sequential"
84289,"Sequential"
233283,"Parallel"
112655,"Built-in"
949108,"Built-in"
926448,"Sequential"
510047,"Built-in"
671825,"Sequential"
301742,"Sequential"
316570,"Sequential"
997154,"Sequential"
55497,"Parallel"
304399,"Sequential"
329546,"Parallel"
134775,"Parallel"
41485,"Parallel"
869564,"Built-in"
678717,"Built-in"
853002,"Parallel"
349174,"Parallel"
542203,"Sequential"
212926,"Sequential"
26247,"Built-in"
505433,"Parallel"
705719,"Parallel"
439058,"Parallel"
135552,"Sequential"
693045,"Sequential"
427038,"Parallel"
242714,"Built-in"
515898,"Parallel"
49262,"Sequential"
749597,"Sequential"
574680,"Parallel"
448534,"Built-in"
176397,"Built-in"
958366,"Built-in"
843958,"Parallel"
903333,"Built-in"
333368,"Parallel"
759099,"Sequential"
736363,"Built-in"
325559,"Parallel"
3620,"Built-in"
769032,"Sequential"
132602,"Parallel"
189772,"Sequential"
177563,"Built-in"
291973,"Parallel"
220496,"Built-in"
176397,"Parallel"
129345,"Parallel"
33976,"Built-in"
139936,"Sequential"
382241,"Sequential"
521830,"Sequential"
583342,"Parallel"
163128,"Sequential"
723336,"Parallel"
974248,"Parallel"
468255,"Parallel"
514939,"Built-in"
916487,"Built-in"
303466,"Sequential"
681179,"Sequential"
133319,"Sequential"
238404,"Parallel"
442033,"Sequential"
527296,"Built-in"
91497,"Built-in"
831834,"Built-in"
727844,"Parallel"
171065,"Sequential"
757231,"Parallel"
114712,"Sequential"
425100,"Parallel"
73524,"Parallel"
50753,"Built-in"
922698,"Built-in"
903951,"Built-in"
601482,"Parallel"
678717,"Sequential"
897494,"Parallel"
374516,"Sequential"
203102,"Built-in"
548274,"Sequential"
932941,"Sequential"
761513,"Built-in"
631649,"Built-in"
412662,"Parallel"
161427,"Sequential"
413801,"Built-in"
717259,"Built-in"
460671,"Built-in"
344783,"Built-in"
919729,"Built-in"
920135,"Parallel"
577751,"Sequential"
407192,"Built-in"
91497,"Sequential"
861931,"Built-in"
521830,"Built-in"
657682,"Sequential"
606045,"Parallel"
797315,"Parallel"
224006,"Parallel"
647425,"Built-in"
436576,"Sequential"
313029,"Sequential"
507550,"Parallel"
211945,"Parallel"
673886,"Parallel"
833958,"Sequential"
96301,"Sequential"
491272,"Built-in"
344783,"Sequential"
219788,"Sequential"
997154,"Parallel"
268086,"Built-in"
201939,"Parallel"
758902,"Built-in"
373717,"Parallel"
680602,"Parallel"
622084,"Built-in"
483956,"Sequential"
25431,"Sequential"
962287,"Parallel"
998329,"Parallel"
364692,"Parallel"
79507,"Sequential"
368193,"Sequential"
371886,"Built-in"
949917,"Sequential"
404984,"Sequential"
895728,"Built-in"
553242,"Built-in"
290142,"Sequential"
495830,"Sequential"
709510,"Parallel"
235319,"Sequential"
615868,"Built-in"
567344,"Parallel"
663305,"Parallel"
264146,"Sequential"
823573,"Parallel"
42319,"Parallel"
426800,"Built-in"
505433,"Sequential"
226267,"Built-in"
217189,"Parallel"
285843,"Built-in"
456917,"Parallel"
869564,"Parallel"
604652,"Parallel"
848938,"Built-in"
594333,"Built-in"
447571,"Sequential"
248816,"Built-in"
83853,"Built-in"
818469,"Built-in"
466229,"Built-in"
115742,"Parallel"
73524,"Sequential"
529846,"Sequential"
563211,"Sequential"
843958,"Sequential"
871210,"Parallel"
395054,"Sequential"
364692,"Sequential"
356503,"Built-in"
590511,"Sequential"
460671,"Sequential"
321635,"Sequential"
951249,"Sequential"
815280,"Sequential"
888245,"Built-in"
843177,"Built-in"
596887,"Built-in"
916487,"Sequential"
854386,"Parallel"
48492,"Sequential"
792758,"Sequential"
3620,"Sequential"
24904,"Sequential"
905513,"Built-in"
325559,"Built-in"
704545,"Built-in"
537331,"Sequential"
598600,"Built-in"
526174,"Built-in"
759964,"Parallel"
545352,"Sequential"
279321,"Sequential"
415302,"Parallel"
280361,"Parallel"
746189,"Built-in"
603880,"Sequential"
512233,"Sequential"
370599,"Parallel"
508865,"Sequential"
100550,"Sequential"
539694,"Parallel"
651116,"Sequential"
149153,"Built-in"
605113,"Parallel"
113193,"Built-in"
852318,"Parallel"
317981,"Sequential"
961322,"Built-in"
477280,"Sequential"
173144,"Sequential"
636453,"Sequential"
298759,"Parallel"
270293,"Sequential"
101982,"Parallel"
418551,"Sequential"
765596,"Built-in"
196581,"Built-in"
497410,"Sequential"
147848,"Parallel"
777023,"Sequential"
671825,"Parallel"
199708,"Sequential"
981871,"Sequential"
4250,"Sequential"
141280,"Parallel"
478362,"Parallel"
953709,"Built-in"
234232,"Parallel"
600172,"Built-in"
987991,"Sequential"
347672,"Parallel"
727844,"Built-in"
644935,"Sequential"
531442,"Sequential"
495830,"Built-in"
37539,"Sequential"
578278,"Built-in"
162291,"Sequential"
385043,"Built-in"
263498,"Parallel"
835618,"Built-in"
419712,"Sequential"
659784,"Parallel"
185565,"Built-in"
892606,"Built-in"
861571,"Sequential"
345417,"Sequential"
416827,"Built-in"
696309,"Sequential"
926448,"Built-in"
756707,"Sequential"
656919,"Sequential"
978578,"Built-in"
49262,"Built-in"
572991,"Sequential"
852318,"Sequential"
512233,"Parallel"
38622,"Parallel"
279321,"Parallel"
939749,"Parallel"
100039,"Parallel"
9194,"Built-in"
299239,"Parallel"
989366,"Parallel"
941841,"Parallel"
109808,"Built-in"
474445,"Built-in"
814347,"Built-in"
194211,"Parallel"
786137,"Built-in"
589233,"Parallel"
61635,"Parallel"
318250,"Parallel"
57799,"Sequential"
161427,"Parallel"
582577,"Parallel"
723336,"Built-in"
400705,"Sequential"
387366,"Sequential"
402577,"Parallel"
127100,"Parallel"
487454,"Sequential"
432904,"Sequential"
108512,"Built-in"
68558,"Built-in"
586760,"Parallel"
399674,"Built-in"
507550,"Built-in"
422853,"Sequential"
106687,"Parallel"
539694,"Built-in"
925800,"Parallel"
990371,"Sequential"
802222,"Sequential"
147848,"Sequential"
8644,"Sequential"
805235,"Sequential"
499154,"Sequential"
599782,"Built-in"
444315,"Sequential"
473952,"Built-in"
521830,"Parallel"
260036,"Parallel"
13152,"Sequential"
961322,"Parallel"
548274,"Parallel"
124048,"Parallel"
241662,"Sequential"
626960,"Built-in"
837271,"Built-in"
897494,"Sequential"
630969,"Parallel"
624151,"Built-in"
571648,"Built-in"
766502,"Sequential"
547751,"Parallel"
214822,"Parallel"
153269,"Parallel"
776059,"Sequential"
35406,"Sequential"
884485,"Built-in"
305847,"Parallel"
151273,"Built-in"
632856,"Sequential"
905513,"Parallel"
258850,"Built-in"
976050,"Parallel"
851470,"Built-in"
414238,"Sequential"
144743,"Parallel"
633083,"Built-in"
482529,"Parallel"
134775,"Sequential"
613497,"Sequential"
560714,"Sequential"
956457,"Sequential"
356503,"Sequential"
318250,"Sequential"
158040,"Sequential"
762688,"Parallel"
836310,"Built-in"
811400,"Sequential"
839784,"Parallel"
875247,"Parallel"
786980,"Built-in"
866332,"Parallel"
732669,"Built-in"
525063,"Parallel"
500463,"Built-in"
919729,"Sequential"
246723,"Parallel"
922698,"Parallel"
644935,"Built-in"
179910,"Built-in"
345417,"Built-in"
956457,"Built-in"
237819,"Parallel"
511068,"Sequential"
992763,"Sequential"
798983,"Parallel"
757231,"Sequential"
513078,"Built-in"
380283,"Sequential"
138502,"Built-in"
425100,"Built-in"
314377,"Built-in"
741985,"Parallel"
516759,"Sequential"
338788,"Built-in"
804726,"Sequential"
371886,"Sequential"
1168,"Sequential"
291973,"Built-in"
949108,"Parallel"
224706,"Sequential"
455729,"Parallel"
784764,"Built-in"
249244,"Built-in"
472572,"Built-in"
794536,"Built-in"
56579,"Sequential"
684504,"Parallel"
964195,"Parallel"
733355,"Sequential"
212926,"Built-in"
400705,"Parallel"
726417,"Parallel"
620074,"Parallel"
934299,"Built-in"
382241,"Built-in"
148755,"Sequential"
131904,"Sequential"
22095,"Parallel"
411497,"Sequential"
670104,"Sequential"
719853,"Sequential"
865253,"Built-in"
923663,"Sequential"
722625,"Sequential"
770080,"Parallel"
683256,"Sequential"
353797,"Parallel"
942000,"Built-in"
76862,"Built-in"
214822,"Built-in"
552770,"Built-in"
494924,"Built-in"
616546,"Parallel"
939749,"Built-in"
404984,"Built-in"
619775,"Sequential"
470426,"Parallel"
875247,"Sequential"
990371,"Built-in"
146132,"Sequential"
617921,"Parallel"
698702,"Sequential"
680602,"Sequential"
434524,"Built-in"
596887,"Sequential"
349174,"Built-in"
944264,"Sequential"
265968,"Built-in"
893557,"Sequential"
433832,"Built-in"
222246,"Built-in"
605113,"Sequential"
54838,"Parallel"
136309,"Parallel"
637534,"Sequential"
818469,"Sequential"
436576,"Parallel"
502701,"Parallel"
829782,"Built-in"
580618,"Built-in"
718034,"Parallel"
935716,"Sequential"
796723,"Sequential"
712704,"Built-in"
777967,"Sequential"
832276,"Sequential"
777967,"Built-in"
681179,"Parallel"
477280,"Parallel"
979210,"Built-in"
66215,"Built-in"
570192,"Parallel"
907195,"Sequential"
127100,"Built-in"
465182,"Sequential"
325559,"Sequential"
739591,"Parallel"
981871,"Parallel"
313029,"Parallel"
557865,"Built-in"
949108,"Sequential"
145077,"Sequential"
574680,"Built-in"
823573,"Sequential"
75397,"Built-in"
832276,"Built-in"
947287,"Sequential"
319465,"Parallel"
906192,"Built-in"
288382,"Built-in"
960679,"Built-in"
154729,"Parallel"
661999,"Parallel"
134775,"Built-in"
485450,"Parallel"
517311,"Built-in"
645107,"Built-in"
766502,"Parallel"
677854,"Sequential"
946155,"Built-in"
365100,"Sequential"
943091,"Sequential"
845107,"Parallel"
65018,"Built-in"
974248,"Built-in"
9194,"Sequential"
332120,"Built-in"
343444,"Parallel"
128964,"Sequential"
569935,"Parallel"
903951,"Sequential"
676171,"Sequential"
850723,"Built-in"
295707,"Parallel"
664414,"Built-in"
464151,"Built-in"
508865,"Parallel"
189049,"Parallel"
676171,"Parallel"
730382,"Sequential"
186945,"Built-in"
784764,"Parallel"
819190,"Sequential"
671825,"Built-in"
74337,"Parallel"
830479,"Sequential"
913866,"Parallel"
442033,"Parallel"
688813,"Sequential"
116574,"Sequential"
755699,"Sequential"
378451,"Sequential"
274754,"Parallel"
104806,"Parallel"
315336,"Built-in"
136309,"Sequential"
717259,"Parallel"
498818,"Parallel"
930192,"Sequential"
680602,"Built-in"
421724,"Sequential"
361515,"Sequential"
19427,"Parallel"
947287,"Parallel"
615868,"Parallel"
954125,"Sequential"
536458,"Built-in"
250527,"Built-in"
607533,"Built-in"
856070,"Parallel"
142172,"Parallel"
623011,"Parallel"
871210,"Built-in"
13152,"Parallel"
351014,"Sequential"
227200,"Parallel"
202247,"Parallel"
626960,"Sequential"
10908,"Parallel"
570192,"Sequential"
306888,"Parallel"
961322,"Sequential"
130298,"Sequential"
27811,"Built-in"
566244,"Built-in"
504918,"Parallel"
66215,"Parallel"
775445,"Sequential"
76862,"Sequential"
722625,"Parallel"
146132,"Parallel"
667606,"Sequential"
286469,"Sequential"
370599,"Built-in"
980599,"Parallel"
544483,"Parallel"
298759,"Built-in"
790533,"Sequential"
45788,"Built-in"
185565,"Sequential"
192417,"Parallel"
199708,"Parallel"
364692,"Built-in"
870201,"Sequential"
597780,"Parallel"
712704,"Parallel"
107285,"Sequential"
816837,"Sequential"
938007,"Sequential"
879064,"Parallel"
84289,"Parallel"
629886,"Sequential"
49262,"Parallel"
795066,"Parallel"
952188,"Parallel"
182370,"Parallel"
732669,"Sequential"
693045,"Built-in"
917933,"Built-in"
189772,"Parallel"
186945,"Sequential"
14485,"Parallel"
289864,"Parallel"
824701,"Sequential"
833958,"Parallel"
463281,"Sequential"
412662,"Sequential"
428573,"Parallel"
235319,"Built-in"
180625,"Built-in"
217047,"Built-in"
443326,"Parallel"
451626,"Parallel"
692583,"Parallel"
867770,"Built-in"
493181,"Parallel"
610731,"Parallel"
260873,"Parallel"
22992,"Parallel"
244957,"Built-in"
954125,"Built-in"
579777,"Sequential"
306888,"Built-in"
262105,"Parallel"
998329,"Built-in"
275222,"Built-in"
575134,"Built-in"
40366,"Parallel"
782412,"Parallel"
948765,"Parallel"
77850,"Built-in"
395054,"Parallel"
556939,"Parallel"
167280,"Sequential"
471740,"Parallel"
58193,"Parallel"
940775,"Sequential"
232931,"Built-in"
406264,"Parallel"
426800,"Sequential"
289864,"Built-in"
721354,"Sequential"
381512,"Parallel"
501246,"Sequential"
636453,"Parallel"
990371,"Parallel"
767975,"Parallel"
322464,"Sequential"
713350,"Parallel"
706905,"Sequential"
748806,"Sequential"
819974,"Sequential"
554710,"Parallel"
196581,"Parallel"
564193,"Sequential"
912154,"Sequential"
162291,"Built-in"
490212,"Built-in"
60624,"Parallel"
186945,"Parallel"
210083,"Built-in"
78582,"Parallel"
174083,"Built-in"
310547,"Built-in"
690759,"Sequential"
102488,"Sequential"
656919,"Built-in"
610731,"Built-in"
794536,"Parallel"
987885,"Built-in"
731125,"Parallel"
429819,"Built-in"
782412,"Sequential"
523191,"Parallel"
422853,"Built-in"
472572,"Parallel"
243390,"Parallel"
601482,"Built-in"
307686,"Sequential"
6943,"Parallel"
393970,"Built-in"
663305,"Built-in"
454066,"Sequential"
19427,"Sequential"
911409,"Parallel"
177563,"Sequential"
404984,"Parallel"
900873,"Built-in"
44387,"Parallel"
686872,"Built-in"
165346,"Parallel"
6943,"Sequential"
979210,"Sequential"
695651,"Sequential"
806023,"Sequential"
720735,"Built-in"
881389,"Built-in"
689143,"Sequential"
439058,"Sequential"
730382,"Built-in"
8644,"Parallel"
183833,"Built-in"
578278,"Sequential"
459560,"Built-in"
563211,"Parallel"
929246,"Sequential"
759964,"Built-in"
813822,"Parallel"
7405,"Built-in"
995254,"Built-in"
323432,"Parallel"
301742,"Parallel"
776059,"Parallel"
299239,"Sequential"
523191,"Built-in"
750371,"Built-in"
594333,"Sequential"
484973,"Sequential"
313275,"Sequential"
495830,"Parallel"
835618,"Sequential"
629886,"Parallel"
708350,"Parallel"
891757,"Sequential"
710487,"Parallel"
908967,"Sequential"
224706,"Parallel"
336144,"Sequential"
497410,"Parallel"
854386,"Sequential"
408503,"Parallel"
797315,"Built-in"
992763,"Parallel"
602629,"Built-in"
410350,"Built-in"
701266,"Parallel"
965657,"Built-in"
955609,"Sequential"
359305,"Sequential"
692583,"Sequential"
398882,"Built-in"
541301,"Built-in"
672938,"Parallel"
963816,"Sequential"
11919,"Built-in"
796723,"Parallel"
209605,"Sequential"
15709,"Built-in"
301742,"Built-in"
630969,"Built-in"
550974,"Sequential"
418551,"Parallel"
814347,"Sequential"
253602,"Parallel"
59595,"Parallel"
899531,"Sequential"
763350,"Parallel"
313029,"Built-in"
89129,"Built-in"
393970,"Sequential"
592092,"Parallel"
42319,"Sequential"
707416,"Built-in"
252137,"Built-in"
475538,"Built-in"
275222,"Sequential"
939749,"Sequential"
835618,"Parallel"
826157,"Parallel"
462999,"Built-in"
381512,"Sequential"
158040,"Parallel"
765596,"Parallel"
424773,"Sequential"
65642,"Built-in"
791155,"Built-in"
851470,"Parallel"
697756,"Parallel"
971309,"Parallel"
379155,"Built-in"
346191,"Sequential"
880479,"Parallel"
92942,"Built-in"
568356,"Built-in"
12925,"Parallel"
430590,"Parallel"
670104,"Built-in"
406264,"Sequential"
650254,"Built-in"
205965,"Built-in"
52677,"Sequential"
338028,"Parallel"
143621,"Sequential"
812239,"Parallel"
749597,"Parallel"
255084,"Built-in"
479347,"Parallel"
29626,"Sequential"
9194,"Parallel"
471740,"Sequential"
217189,"Built-in"
808352,"Parallel"
144743,"Built-in"
476597,"Parallel"
458112,"Sequential"
885045,"Parallel"
773642,"Built-in"
679565,"Sequential"
314377,"Parallel"
646104,"Sequential"
701266,"Sequential"
307686,"Parallel"
61635,"Built-in"
267172,"Built-in"
917907,"Parallel"
538621,"Sequential"
729016,"Sequential"
105489,"Built-in"
859400,"Parallel"
719853,"Parallel"
211945,"Built-in"
348994,"Built-in"
733355,"Built-in"
991810,"Parallel"
995956,"Sequential"
428573,"Built-in"
750371,"Parallel"
637534,"Built-in"
957539,"Built-in"
800686,"Parallel"
17290,"Sequential"
334140,"Built-in"
914488,"Sequential"
970279,"Sequential"
677854,"Parallel"
221124,"Built-in"
263498,"Sequential"
239974,"Built-in"
644935,"Parallel"
667606,"Parallel"
172975,"Parallel"
884485,"Parallel"
411497,"Built-in"
122666,"Built-in"
843177,"Parallel"
752584,"Built-in"
209605,"Parallel"
825879,"Sequential"
148755,"Parallel"
118662,"Sequential"
254273,"Sequential"
882798,"Sequential"
266800,"Built-in"
951249,"Built-in"
229717,"Parallel"
937516,"Built-in"
477280,"Built-in"
403923,"Parallel"
57799,"Built-in"
15709,"Sequential"
838424,"Parallel"
714572,"Built-in"
191372,"Sequential"
387366,"Parallel"
95062,"Parallel"
608197,"Sequential"
690759,"Parallel"
59595,"Built-in"
669888,"Built-in"
669888,"Parallel"
82041,"Sequential"
679565,"Built-in"
381512,"Built-in"
557865,"Sequential"
372334,"Sequential"
405211,"Parallel"
803715,"Sequential"
377123,"Sequential"
594333,"Parallel"
763350,"Built-in"
532623,"Parallel"
845107,"Sequential"
634070,"Parallel"
496894,"Sequential"
357060,"Built-in"
370599,"Sequential"
62758,"Parallel"
4250,"Built-in"
154729,"Built-in"
545352,"Built-in"
643047,"Parallel"
934299,"Sequential"
401296,"Sequential"
537331,"Parallel"
500463,"Sequential"
773642,"Parallel"
809044,"Parallel"
58193,"Built-in"
247460,"Built-in"
618137,"Built-in"
901439,"Sequential"
903333,"Parallel"
860643,"Built-in"
257006,"Built-in"
217189,"Sequential"
222246,"Sequential"
658084,"Built-in"
240997,"Sequential"
789398,"Parallel"
789398,"Built-in"
273810,"Built-in"
231877,"Sequential"
586760,"Built-in"
270293,"Built-in"
158375,"Sequential"
461850,"Parallel"
771151,"Built-in"
281858,"Parallel"
164335,"Sequential"
237819,"Sequential"
911409,"Built-in"
449238,"Parallel"
471740,"Built-in"
744384,"Built-in"
880479,"Built-in"
70419,"Sequential"
319465,"Built-in"
895728,"Parallel"
197477,"Built-in"
187880,"Built-in"
14485,"Built-in"
928424,"Parallel"
201939,"Built-in"
365100,"Built-in"
166754,"Sequential"
548274,"Built-in"
894047,"Built-in"
597780,"Sequential"
340582,"Parallel"
976050,"Built-in"
591747,"Built-in"
197477,"Parallel"
178583,"Sequential"
612655,"Built-in"
769032,"Parallel"
16395,"Parallel"
267172,"Parallel"
141280,"Built-in"
813822,"Sequential"
401296,"Parallel"
167280,"Built-in"
427038,"Sequential"
95062,"Sequential"
890595,"Parallel"
926448,"Parallel"
98573,"Built-in"
258850,"Parallel"
534408,"Built-in"
114712,"Parallel"
140459,"Parallel"
72098,"Sequential"
785917,"Parallel"
82041,"Built-in"
208052,"Sequential"
210083,"Sequential"
131904,"Parallel"
435115,"Parallel"
660538,"Sequential"
609529,"Parallel"
925800,"Sequential"
242714,"Parallel"
564193,"Built-in"
994350,"Sequential"
931523,"Sequential"
846479,"Sequential"
392194,"Parallel"
645107,"Parallel"
863193,"Parallel"
137207,"Built-in"
928424,"Sequential"
887272,"Parallel"
33976,"Sequential"
981871,"Built-in"
695651,"Parallel"
391234,"Sequential"
967718,"Built-in"
59595,"Sequential"
810365,"Sequential"
119510,"Built-in"
144743,"Sequential"
736363,"Sequential"
833958,"Built-in"
915098,"Sequential"
389726,"Parallel"
281858,"Sequential"
379155,"Parallel"
63375,"Parallel"
40366,"Built-in"
253602,"Built-in"
415302,"Sequential"
627291,"Sequential"
29626,"Parallel"
463281,"Built-in"
846479,"Parallel"
465182,"Parallel"
850723,"Sequential"
656919,"Parallel"
637534,"Parallel"
60624,"Sequential"
938007,"Built-in"
708350,"Built-in"
236375,"Sequential"
648947,"Sequential"
424773,"Built-in"
331669,"Built-in"
993245,"Sequential"
636453,"Built-in"
35406,"Built-in"
377123,"Built-in"
373717,"Sequential"
664414,"Sequential"
541301,"Sequential"
76862,"Parallel"
345417,"Parallel"
5977,"Sequential"
848938,"Parallel"
107285,"Built-in"
187880,"Sequential"
966802,"Parallel"
700859,"Parallel"
572991,"Built-in"
516759,"Built-in"
311111,"Sequential"
987991,"Parallel"
984895,"Parallel"
895728,"Sequential"
308796,"Sequential"
456917,"Built-in"
339477,"Parallel"
712704,"Sequential"
295023,"Parallel"
641016,"Built-in"
399674,"Parallel"
67990,"Built-in"
412662,"Built-in"
543112,"Sequential"
579777,"Built-in"
241662,"Parallel"
205965,"Parallel"
819974,"Parallel"
752584,"Sequential"
365100,"Parallel"
999081,"Parallel"
262105,"Built-in"
470426,"Sequential"
429819,"Sequential"
385043,"Sequential"
879064,"Built-in"
810365,"Built-in"
324532,"Parallel"
36942,"Built-in"
454066,"Built-in"
498818,"Sequential"
750371,"Sequential"
133319,"Parallel"
972363,"Parallel"
327219,"Sequential"
622084,"Sequential"
398882,"Sequential"
179910,"Sequential"
69926,"Sequential"
278272,"Parallel"
763350,"Sequential"
70419,"Built-in"
82394,"Parallel"
486784,"Sequential"
7405,"Parallel"
217047,"Parallel"
638197,"Parallel"
12925,"Built-in"
261281,"Sequential"
478362,"Built-in"
908702,"Sequential"
388158,"Parallel"
265968,"Sequential"
184204,"Built-in"
517311,"Parallel"
454066,"Parallel"
221124,"Sequential"
135552,"Parallel"
362506,"Sequential"
193209,"Parallel"
824701,"Parallel"
340582,"Sequential"
167280,"Parallel"
960679,"Parallel"
641016,"Parallel"
856070,"Built-in"
101982,"Built-in"
824701,"Built-in"
314377,"Sequential"
747557,"Sequential"
153269,"Built-in"
520054,"Sequential"
921415,"Sequential"
501246,"Built-in"
532623,"Built-in"
255084,"Parallel"
850723,"Parallel"
213823,"Built-in"
231877,"Parallel"
572836,"Sequential"
126373,"Sequential"
355071,"Built-in"
883095,"Parallel"
353797,"Sequential"
660538,"Parallel"
535840,"Parallel"
72098,"Built-in"
667992,"Parallel"
924387,"Sequential"
124048,"Built-in"
30977,"Parallel"
179910,"Parallel"
383702,"Parallel"
409914,"Built-in"
238404,"Sequential"
910482,"Sequential"
446401,"Sequential"
451626,"Built-in"
346191,"Parallel"
173144,"Built-in"
893557,"Parallel"
415302,"Built-in"
758902,"Sequential"
984895,"Built-in"
975661,"Parallel"
976977,"Sequential"
348994,"Sequential"
830479,"Parallel"
725128,"Sequential"
50753,"Parallel"
189772,"Built-in"
459560,"Sequential"
230057,"Sequential"
18910,"Sequential"
24904,"Built-in"
235319,"Parallel"
698702,"Parallel"
651116,"Built-in"
383702,"Sequential"
29626,"Built-in"
296608,"Parallel"
3620,"Parallel"
373717,"Built-in"
969238,"Built-in"
476597,"Sequential"
601482,"Sequential"
894047,"Sequential"
475538,"Sequential"
654889,"Parallel"
276724,"Parallel"
95603,"Parallel"
847677,"Sequential"
876219,"Sequential"
328395,"Built-in"
190570,"Built-in"
205001,"Built-in"
954125,"Parallel"
840,"Sequential"
606045,"Built-in"
288382,"Sequential"
342430,"Parallel"
178583,"Built-in"
260036,"Built-in"
984895,"Sequential"
125789,"Sequential"
406264,"Built-in"
920135,"Sequential"
677854,"Built-in"
692583,"Built-in"
912154,"Parallel"
795066,"Built-in"
171438,"Parallel"
541301,"Parallel"
646104,"Built-in"
132602,"Built-in"
819974,"Built-in"
111041,"Built-in"
8644,"Built-in"
628607,"Built-in"
46562,"Parallel"
902019,"Sequential"
162291,"Parallel"
165346,"Built-in"
360560,"Sequential"
292257,"Built-in"
897494,"Built-in"
369187,"Parallel"
813822,"Built-in"
903951,"Parallel"
661764,"Built-in"
23938,"Parallel"
506593,"Sequential"
112655,"Parallel"
839784,"Built-in"
600172,"Parallel"
492761,"Built-in"
706905,"Built-in"
434524,"Sequential"
549485,"Built-in"
735253,"Sequential"
798983,"Sequential"
551198,"Parallel"
546576,"Built-in"
549485,"Sequential"
896072,"Built-in"
912154,"Built-in"
694808,"Built-in"
111197,"Built-in"
665078,"Parallel"
739591,"Sequential"
940775,"Built-in"
699438,"Sequential"
88348,"Parallel"
363932,"Sequential"
638197,"Sequential"
613497,"Parallel"
392194,"Sequential"
121056,"Sequential"
741985,"Sequential"
435115,"Built-in"
414238,"Built-in"
959593,"Parallel"
872245,"Built-in"
593381,"Sequential"
899531,"Parallel"
293608,"Built-in"
713350,"Sequential"
620074,"Sequential"
339477,"Built-in"
562270,"Parallel"
181505,"Built-in"
982271,"Built-in"
195942,"Built-in"
649336,"Built-in"
767073,"Sequential"
566244,"Sequential"
855481,"Sequential"
329546,"Built-in"
793525,"Parallel"
409914,"Parallel"
612655,"Parallel"
870201,"Parallel"
522546,"Sequential"
969238,"Parallel"
496894,"Parallel"
696309,"Built-in"
414238,"Parallel"
108512,"Parallel"
226267,"Parallel"
7405,"Sequential"
807085,"Sequential"
785917,"Sequential"
272103,"Sequential"
745947,"Built-in"
759099,"Built-in"
28194,"Built-in"
917907,"Built-in"
817104,"Parallel"
603880,"Parallel"
4250,"Parallel"
26247,"Sequential"
942000,"Parallel"
62758,"Sequential"
53506,"Built-in"
65018,"Sequential"
908702,"Built-in"
957539,"Sequential"
444315,"Parallel"
599782,"Parallel"
489138,"Built-in"
643047,"Sequential"
720735,"Sequential"
788268,"Sequential"
731125,"Sequential"
828177,"Built-in"
411497,"Parallel"
492761,"Parallel"
967718,"Sequential"
940775,"Parallel"
82394,"Sequential"
504918,"Sequential"
586760,"Sequential"
738590,"Sequential"
815280,"Built-in"
652763,"Parallel"
523191,"Sequential"
473952,"Sequential"
445184,"Parallel"
220496,"Parallel"
17290,"Built-in"
424773,"Parallel"
932484,"Parallel"
878734,"Built-in"
277617,"Sequential"
536458,"Parallel"
39239,"Parallel"
715149,"Built-in"
941841,"Built-in"
923663,"Parallel"
867770,"Parallel"
861931,"Sequential"
332120,"Parallel"
560714,"Parallel"
880479,"Sequential"
973532,"Built-in"
635058,"Sequential"
275222,"Parallel"
738590,"Parallel"
21042,"Parallel"
297646,"Parallel"
577751,"Parallel"
689143,"Built-in"
859400,"Built-in"
779053,"Built-in"
116574,"Built-in"
687153,"Parallel"
674452,"Built-in"
254273,"Built-in"
667606,"Built-in"
754533,"Parallel"
6943,"Built-in"
355071,"Parallel"
54838,"Sequential"
189049,"Built-in"
794536,"Sequential"
898559,"Built-in"
613497,"Built-in"
884485,"Sequential"
860643,"Sequential"
71312,"Sequential"
542203,"Parallel"
442033,"Built-in"
864169,"Built-in"
108512,"Sequential"
149153,"Parallel"
648947,"Built-in"
748806,"Parallel"
861571,"Built-in"
109808,"Parallel"
511068,"Built-in"
128964,"Parallel"
148755,"Built-in"
779053,"Parallel"
575134,"Parallel"
30977,"Sequential"
741105,"Sequential"
45788,"Sequential"
531442,"Built-in"
129345,"Sequential"
336144,"Parallel"
366557,"Built-in"
537331,"Built-in"
871210,"Sequential"
31152,"Built-in"
937516,"Parallel"
819190,"Built-in"
709510,"Built-in"
786137,"Parallel"
181505,"Sequential"
225643,"Sequential"
95603,"Built-in"
583342,"Built-in"
892606,"Parallel"
339477,"Sequential"
615868,"Sequential"
908702,"Parallel"
683256,"Parallel"
653378,"Parallel"
60624,"Built-in"
334140,"Parallel"
869564,"Sequential"
829782,"Sequential"
409914,"Sequential"
246038,"Parallel"
93092,"Sequential"
378451,"Built-in"
248816,"Parallel"
936288,"Parallel"
74337,"Sequential"
386736,"Parallel"
263498,"Built-in"
801766,"Parallel"
224006,"Sequential"
168284,"Parallel"
530992,"Built-in"
902019,"Parallel"
848651,"Parallel"
619775,"Built-in"
23938,"Sequential"
836310,"Sequential"
874290,"Parallel"
870201,"Built-in"
868622,"Built-in"
812239,"Sequential"
74337,"Built-in"
716379,"Sequential"
738590,"Built-in"
556939,"Sequential"
97721,"Parallel"
705719,"Sequential"
228703,"Built-in"
650254,"Parallel"
227200,"Built-in"
774030,"Sequential"
558443,"Sequential"
39239,"Built-in"
68558,"Sequential"
380283,"Built-in"
377123,"Parallel"
599782,"Sequential"
154729,"Sequential"
739591,"Built-in"
958366,"Sequential"
295707,"Sequential"
30977,"Built-in"
249244,"Parallel"
581375,"Parallel"
307686,"Built-in"
309633,"Parallel"
23938,"Built-in"
716379,"Parallel"
672938,"Sequential"
285843,"Parallel"
341794,"Built-in"
819190,"Parallel"
690759,"Built-in"
228703,"Sequential"
79507,"Parallel"
728646,"Built-in"
97721,"Built-in"
233283,"Built-in"
538621,"Parallel"
702232,"Parallel"
811400,"Built-in"
146132,"Built-in"
947287,"Built-in"
484973,"Parallel"
917933,"Sequential"
808352,"Built-in"
593381,"Parallel"
865253,"Parallel"
437550,"Parallel"
493181,"Built-in"
839784,"Sequential"
34633,"Sequential"
191372,"Built-in"
943091,"Built-in"
868622,"Parallel"
503253,"Sequential"
561186,"Sequential"
388158,"Sequential"
803715,"Built-in"
137207,"Sequential"
222246,"Parallel"
741985,"Built-in"
5977,"Parallel"
42319,"Built-in"
534408,"Sequential"
670104,"Parallel"
721354,"Parallel"
790533,"Built-in"
242714,"Sequential"
589233,"Sequential"
714572,"Parallel"
431751,"Sequential"
550974,"Parallel"
109808,"Sequential"
268086,"Parallel"
177563,"Parallel"
967718,"Parallel"
914488,"Built-in"
150284,"Built-in"
726417,"Sequential"
618137,"Parallel"
964195,"Sequential"
848938,"Sequential"
43732,"Built-in"
374516,"Parallel"
423281,"Parallel"
34633,"Built-in"
175724,"Parallel"
367524,"Parallel"
747557,"Built-in"
534408,"Parallel"
639841,"Sequential"
277617,"Built-in"
645107,"Sequential"
565821,"Built-in"
814347,"Parallel"
151273,"Parallel"
655462,"Parallel"
684504,"Sequential"
788268,"Built-in"
914488,"Parallel"
80999,"Parallel"
272103,"Parallel"
587578,"Sequential"
199708,"Built-in"
452114,"Sequential"
685594,"Parallel"
970279,"Parallel"
605113,"Built-in"
183833,"Sequential"
802222,"Parallel"
86246,"Sequential"
858666,"Built-in"
697756,"Sequential"
847677,"Built-in"
434524,"Parallel"
271559,"Sequential"
280361,"Built-in"
386736,"Sequential"
740235,"Sequential"
335668,"Parallel"
773642,"Sequential"
200592,"Parallel"
371886,"Parallel"
617921,"Sequential"
893557,"Built-in"
976977,"Parallel"
44387,"Sequential"
618137,"Sequential"
488637,"Built-in"
264146,"Built-in"
906192,"Sequential"
678717,"Parallel"
640476,"Built-in"
962287,"Built-in"
163128,"Built-in"
855481,"Built-in"
344783,"Parallel"
270293,"Parallel"
440486,"Built-in"
832276,"Parallel"
304399,"Built-in"
684504,"Built-in"
619775,"Parallel"
135552,"Built-in"
661999,"Built-in"
184204,"Parallel"
198911,"Parallel"
416827,"Sequential"
141280,"Sequential"
192417,"Built-in"
932941,"Parallel"
647425,"Parallel"
825879,"Built-in"
733355,"Parallel"
945103,"Built-in"
741105,"Parallel"
657682,"Built-in"
65018,"Parallel"
962287,"Sequential"
533906,"Built-in"
450933,"Built-in"
597780,"Built-in"
882798,"Parallel"
440486,"Parallel"
492761,"Sequential"
126373,"Built-in"
561186,"Built-in"
73524,"Built-in"
806023,"Parallel"
830479,"Built-in"
675906,"Sequential"
810365,"Parallel"
845107,"Built-in"
17290,"Parallel"
274754,"Built-in"
25431,"Parallel"
83853,"Sequential"
217047,"Sequential"
90892,"Sequential"
224006,"Built-in"
856070,"Sequential"
48492,"Built-in"
100039,"Sequential"
22992,"Sequential"
114712,"Built-in"
568356,"Sequential"
487454,"Parallel"
540642,"Built-in"
788268,"Parallel"
499154,"Parallel"
106687,"Built-in"
367524,"Built-in"
793525,"Sequential"
62758,"Built-in"
889237,"Parallel"
69926,"Built-in"
729016,"Built-in"
929246,"Built-in"
729016,"Parallel"
866332,"Sequential"
889237,"Sequential"
194211,"Sequential"
568356,"Parallel"
128964,"Built-in"
777967,"Parallel"
531442,"Parallel"
502701,"Built-in"
421724,"Parallel"
544483,"Built-in"
55497,"Sequential"
926963,"Sequential"
806023,"Built-in"
604652,"Sequential"
676171,"Built-in"
116574,"Parallel"
998329,"Sequential"
50753,"Sequential"
383702,"Built-in"
793525,"Built-in"
47831,"Built-in"
574680,"Sequential"
610731,"Sequential"
362506,"Built-in"
89129,"Sequential"
117752,"Sequential"
472572,"Sequential"
287502,"Sequential"
240997,"Parallel"
585844,"Sequential"
206797,"Parallel"
529846,"Built-in"
576685,"Sequential"
219788,"Built-in"
740235,"Parallel"
590511,"Parallel"
952188,"Sequential"
246038,"Sequential"
700859,"Built-in"
67990,"Parallel"
384126,"Sequential"
683256,"Built-in"
189049,"Sequential"
376232,"Parallel"
417346,"Built-in"
257568,"Sequential"
169174,"Built-in"
198911,"Built-in"
837271,"Parallel"
985998,"Built-in"
877769,"Built-in"
783222,"Parallel"
841854,"Built-in"
743738,"Sequential"
916487,"Parallel"
553242,"Sequential"
302332,"Parallel"
822708,"Sequential"
780379,"Parallel"
718034,"Sequential"
250527,"Parallel"
480274,"Parallel"
488637,"Sequential"
724290,"Parallel"
338788,"Parallel"
614069,"Built-in"
578278,"Parallel"
821844,"Sequential"
126373,"Parallel"
946155,"Parallel"
861571,"Parallel"
972363,"Built-in"
438398,"Parallel"
872245,"Sequential"
576685,"Built-in"
598600,"Sequential"
554710,"Built-in"
420726,"Parallel"
804726,"Parallel"
951249,"Parallel"
983446,"Built-in"
299239,"Built-in"
789398,"Sequential"
464151,"Sequential"
106687,"Sequential"
119510,"Sequential"
113193,"Sequential"
840496,"Built-in"
33976,"Parallel"
466229,"Parallel"
762688,"Built-in"
943091,"Parallel"
828177,"Parallel"
791155,"Sequential"
102488,"Built-in"
769032,"Built-in"
608197,"Parallel"
837271,"Sequential"
441387,"Built-in"
965657,"Parallel"
776059,"Built-in"
200592,"Built-in"
881389,"Sequential"
758902,"Parallel"
229717,"Sequential"
722625,"Built-in"
86062,"Sequential"
479347,"Sequential"
460671,"Parallel"
224706,"Built-in"
438398,"Built-in"
208052,"Parallel"
295023,"Built-in"
989366,"Sequential"
402577,"Built-in"
92942,"Parallel"
930192,"Built-in"
881389,"Parallel"
604652,"Built-in"
563211,"Built-in"
432904,"Built-in"
252021,"Parallel"
70419,"Parallel"
261281,"Built-in"
283887,"Parallel"
620074,"Built-in"
535840,"Built-in"
858666,"Parallel"
212926,"Parallel"
125789,"Parallel"
387366,"Built-in"
643047,"Built-in"
419712,"Parallel"
665991,"Sequential"
753666,"Sequential"
661999,"Sequential"
983446,"Sequential"
92942,"Sequential"
5977,"Built-in"
891757,"Parallel"
978578,"Sequential"
164335,"Parallel"
689143,"Parallel"
140459,"Sequential"
493181,"Sequential"
317981,"Parallel"
104806,"Built-in"
140459,"Built-in"
171438,"Sequential"
973532,"Sequential"
514939,"Sequential"
702988,"Parallel"
266800,"Parallel"
518839,"Parallel"
331669,"Parallel"
705719,"Built-in"
290142,"Parallel"
730382,"Parallel"
293608,"Sequential"
975661,"Sequential"
734058,"Built-in"
93092,"Built-in"
333368,"Sequential"
786137,"Sequential"
142172,"Built-in"
654889,"Sequential"
214822,"Sequential"
840496,"Parallel"
286469,"Parallel"
75397,"Sequential"
842231,"Sequential"
704545,"Sequential"
687153,"Sequential"
203102,"Sequential"
482529,"Built-in"
178583,"Parallel"
98573,"Parallel"
963816,"Parallel"
145077,"Built-in"
975661,"Built-in"
640476,"Parallel"
291973,"Sequential"
753666,"Parallel"
864169,"Parallel"
535840,"Sequential"
445184,"Sequential"
22095,"Built-in"
98573,"Sequential"
91497,"Parallel"
982271,"Parallel"
926963,"Built-in"
418551,"Built-in"
95603,"Sequential"
612655,"Sequential"
211945,"Sequential"
767073,"Parallel"
863193,"Sequential"
867770,"Sequential"
917933,"Parallel"
547751,"Sequential"
627291,"Parallel"
675906,"Built-in"
707416,"Sequential"
650254,"Sequential"
580618,"Sequential"
649336,"Parallel"
972363,"Sequential"
22992,"Built-in"
452114,"Parallel"
554710,"Sequential"
352463,"Built-in"
321004,"Parallel"
78582,"Built-in"
388158,"Built-in"
542203,"Built-in"
461850,"Sequential"
41485,"Sequential"
24904,"Parallel"
948765,"Built-in"
817104,"Built-in"
175724,"Sequential"
260873,"Sequential"
190570,"Parallel"
394220,"Parallel"
901439,"Built-in"
395054,"Built-in"
37539,"Built-in"
449238,"Sequential"
759964,"Sequential"
959593,"Built-in"
328395,"Sequential"
528273,"Parallel"
905513,"Sequential"
510047,"Parallel"
829782,"Parallel"
14485,"Sequential"
589233,"Built-in"
805235,"Built-in"
113193,"Parallel"
743738,"Parallel"
343444,"Sequential"
490212,"Sequential"
747557,"Parallel"
825879,"Parallel"
323432,"Sequential"
313275,"Parallel"
831834,"Parallel"
934299,"Parallel"
410350,"Sequential"
232931,"Parallel"
457929,"Sequential"
660538,"Built-in"
163128,"Parallel"
273810,"Sequential"
72098,"Parallel"
931523,"Parallel"
822708,"Parallel"
995254,"Parallel"
321004,"Built-in"
474445,"Sequential"
417346,"Parallel"
392194,"Built-in"
577751,"Built-in"
891757,"Built-in"
121116,"Parallel"
526174,"Sequential"
658084,"Sequential"
538621,"Built-in"
749597,"Built-in"
375685,"Parallel"
688813,"Parallel"
627291,"Built-in"
621180,"Sequential"
517311,"Sequential"
274754,"Sequential"
530992,"Parallel"
647425,"Sequential"
469264,"Parallel"
784764,"Sequential"
611103,"Sequential"
506593,"Parallel"
96301,"Parallel"
227200,"Sequential"
341794,"Sequential"
949917,"Parallel"
777023,"Parallel"
385043,"Parallel"
430590,"Built-in"
959593,"Sequential"
886390,"Sequential"
327219,"Built-in"
466229,"Sequential"
591747,"Sequential"
138502,"Sequential"
590511,"Built-in"
118662,"Parallel"
360560,"Built-in"
547751,"Built-in"
913866,"Sequential"
629886,"Built-in"
587578,"Built-in"
623011,"Built-in"
405211,"Sequential"
328395,"Parallel"
949917,"Built-in"
269723,"Built-in"
494924,"Sequential"
519834,"Built-in"
775445,"Built-in"
572836,"Parallel"
686872,"Parallel"
564193,"Parallel"
438398,"Sequential"
374516,"Built-in"
860643,"Parallel"
152278,"Built-in"
389726,"Sequential"
205965,"Sequential"
47831,"Parallel"
129345,"Built-in"
740235,"Built-in"
100039,"Built-in"
894047,"Parallel"
889237,"Built-in"
437550,"Sequential"
316570,"Parallel"
171065,"Built-in"
111041,"Sequential"
351623,"Parallel"
532623,"Sequential"
335668,"Built-in"
132602,"Sequential"
237819,"Built-in"
711510,"Sequential"
764729,"Sequential"
509816,"Sequential"
476597,"Built-in"
479347,"Built-in"
361515,"Parallel"
51488,"Built-in"
290142,"Built-in"
607533,"Sequential"
159888,"Sequential"
887272,"Sequential"
816837,"Parallel"
225643,"Parallel"
267172,"Sequential"
174083,"Sequential"
516759,"Parallel"
271559,"Parallel"
136309,"Built-in"
480274,"Built-in"
467527,"Parallel"
39239,"Sequential"
130298,"Built-in"
801766,"Sequential"
450933,"Sequential"
15709,"Parallel"
473952,"Parallel"
919729,"Parallel"
507550,"Sequential"
54838,"Built-in"
642597,"Parallel"
815280,"Parallel"
295707,"Built-in"
727844,"Sequential"
202247,"Built-in"
172975,"Sequential"
483956,"Built-in"
428573,"Sequential"
155140,"Parallel"
907195,"Parallel"
156480,"Parallel"
513078,"Sequential"
172975,"Built-in"
798497,"Built-in"
53506,"Parallel"
728646,"Parallel"
992763,"Built-in"
456917,"Sequential"
759099,"Parallel"
628607,"Parallel"
623011,"Sequential"
441387,"Parallel"
124692,"Sequential"
751745,"Built-in"
427038,"Built-in"
218507,"Sequential"
786980,"Parallel"
766502,"Built-in"
701266,"Built-in"
83853,"Parallel"
340582,"Built-in"
403923,"Sequential"
559662,"Sequential"
698702,"Built-in"
639841,"Built-in"
694808,"Sequential"
457929,"Built-in"
582577,"Built-in"
124692,"Built-in"
264146,"Parallel"
715149,"Parallel"
546576,"Parallel"
470426,"Built-in"
791155,"Parallel"
300455,"Parallel"
925800,"Built-in"
699438,"Built-in"
213823,"Parallel"
426800,"Parallel"
910482,"Built-in"
602629,"Parallel"
744384,"Sequential"
833437,"Built-in"
118662,"Built-in"
53506,"Sequential"
90892,"Parallel"
139936,"Parallel"
836310,"Parallel"
710487,"Built-in"
631649,"Sequential"
910482,"Parallel"
276724,"Sequential"
496894,"Built-in"
724290,"Sequential"
708350,"Sequential"
700859,"Sequential"
184204,"Sequential"
566244,"Parallel"
582577,"Sequential"
673886,"Built-in"
481059,"Sequential"
100550,"Parallel"
232931,"Sequential"
560714,"Built-in"
169174,"Parallel"
908967,"Built-in"
358964,"Sequential"
31152,"Sequential"
661764,"Parallel"
737887,"Built-in"
953709,"Sequential"
317981,"Built-in"
890595,"Built-in"
861931,"Parallel"
403923,"Built-in"
588261,"Sequential"
502701,"Sequential"
935716,"Built-in"
104806,"Sequential"
168284,"Sequential"
995956,"Built-in"
321004,"Sequential"
526174,"Parallel"
324532,"Built-in"
413801,"Parallel"
529846,"Parallel"
229717,"Built-in"
78582,"Sequential"
326094,"Sequential"
52677,"Parallel"
600172,"Sequential"
372334,"Built-in"
164335,"Built-in"
936288,"Built-in"
792758,"Built-in"
93092,"Parallel"
220496,"Sequential"
10908,"Sequential"
215452,"Built-in"
65642,"Sequential"
596887,"Parallel"
280361,"Sequential"
239974,"Parallel"
468255,"Sequential"
69926,"Parallel"
354710,"Sequential"
446401,"Built-in"
380283,"Parallel"
519834,"Sequential"
88348,"Built-in"
699438,"Parallel"
111197,"Sequential"
295023,"Sequential"
311111,"Built-in"
952188,"Built-in"
807085,"Parallel"
331669,"Sequential"
376232,"Built-in"
462999,"Sequential"
716379,"Built-in"
874290,"Sequential"
638197,"Built-in"
183833,"Parallel"
616546,"Built-in"
868622,"Sequential"
80999,"Sequential"
827581,"Parallel"
342430,"Sequential"
691531,"Sequential"
976050,"Sequential"
174083,"Parallel"
946155,"Sequential"
228703,"Parallel"
555686,"Parallel"
375685,"Sequential"
635058,"Built-in"
785917,"Built-in"
500463,"Parallel"
863193,"Built-in"
431751,"Parallel"
540642,"Sequential"
283015,"Built-in"
457929,"Parallel"
215452,"Parallel"
711510,"Built-in"
965657,"Sequential"
853002,"Sequential"
192417,"Sequential"
423281,"Built-in"
579777,"Parallel"
774030,"Parallel"
315336,"Sequential"
246038,"Built-in"
368193,"Built-in"
402577,"Sequential"
985998,"Sequential"
358964,"Parallel"
283015,"Parallel"
848651,"Sequential"
514939,"Parallel"
433832,"Sequential"
38622,"Sequential"
84289,"Built-in"
715149,"Sequential"
88348,"Sequential"
781621,"Sequential"
394220,"Sequential"
97721,"Sequential"
957539,"Parallel"
994350,"Built-in"
410350,"Parallel"
509816,"Parallel"
55497,"Built-in"
271559,"Built-in"
686872,"Sequential"
185565,"Parallel"
453284,"Parallel"
161427,"Built-in"
592092,"Sequential"
382241,"Parallel"
751745,"Sequential"
584861,"Built-in"
857076,"Built-in"
318250,"Built-in"
21042,"Sequential"
86062,"Built-in"
651116,"Parallel"
486784,"Parallel"
569935,"Built-in"
770080,"Sequential"
16395,"Sequential"
125789,"Built-in"
338028,"Built-in"
945103,"Sequential"
872977,"Built-in"
115742,"Built-in"
452114,"Built-in"
490212,"Parallel"
158375,"Built-in"
330664,"Built-in"
21042,"Built-in"
391234,"Parallel"
900873,"Sequential"
853002,"Built-in"
384126,"Built-in"
11919,"Sequential"
552770,"Parallel"
28194,"Parallel"
127100,"Sequential"
625899,"Sequential"
11919,"Parallel"
40366,"Sequential"
121116,"Built-in"
691531,"Parallel"
911409,"Sequential"
562270,"Sequential"
737887,"Parallel"
152278,"Parallel"
400705,"Built-in"
682431,"Built-in"
300455,"Sequential"
180625,"Parallel"
149153,"Sequential"
631649,"Parallel"
669888,"Sequential"
518839,"Sequential"
878734,"Sequential"
435115,"Sequential"
859400,"Sequential"
764729,"Parallel"
761513,"Parallel"
696309,"Parallel"
888245,"Parallel"
117752,"Built-in"
885045,"Sequential"
648947,"Parallel"
913866,"Built-in"
991810,"Built-in"
872977,"Sequential"
32229,"Sequential"
341794,"Parallel"
567344,"Sequential"
292257,"Sequential"
874290,"Built-in"
453284,"Sequential"
885045,"Built-in"
147848,"Built-in"
571648,"Parallel"
994350,"Parallel"
719853,"Built-in"
210083,"Parallel"
107285,"Parallel"
219788,"Parallel"
408503,"Built-in"
976977,"Built-in"
826157,"Built-in"
767975,"Sequential"
160167,"Parallel"
246723,"Built-in"
691531,"Built-in"
513078,"Parallel"
